{"status":200,"data":{"longitude":0.1385926,"name":"TAKEDA CAMBRIDGE LIMITED","postcode":"CB4 0PA","last_revenue_year":2011.0,"last_tweet":null,"colocated":["03690299","04661279"],"nodes":[{"longitude":0.1474242,"name":"PARADIGM THERAPEUTICS LIMITED","postcode":"CB4 0EY","last_revenue_year":2011.0,"employee_count":null,"latitude":52.2314619,"revenue_delta":0.0,"synthetic_id":1661,"employee_count_growth":null,"last_revenue_est":true,"web_url":null,"do_not_aggregate":false,"source_url":"http:\/\/www.duedil.com\/company\/03504705","employee_count_delta":null,"revenue_growth":0,"address":"Unit 162\nCambridge\nCambridgeshire\nCB4 0EY","influence":1,"id":"03504705","formation_date":"1998-02-05","description":"The company did not trade during y\/e 31.03.12.","last_revenue":0.0},{"twitter_user_id":null,"longitude":0.1385926,"name":"TAKEDA CAMBRIDGE LIMITED","postcode":"CB4 0PA","last_revenue_year":2011.0,"employee_count":96,"latitude":52.2283248,"revenue_delta":-436338.0,"synthetic_id":3053,"employee_count_growth":-5,"last_revenue_est":false,"web_url":null,"do_not_aggregate":false,"source_url":"http:\/\/www.duedil.com\/company\/03585995","employee_count_delta":-5,"revenue_growth":-1,"address":"418 Cambridge Science Park\nMilton Road\nCambridge\nCambs\nCB4 0PA","influence":1,"id":"03585995","formation_date":"1998-06-23","description":"Target identification and validation capabilities.","last_revenue":3.0807948E7}],"directors":[{"director_twitter_screen_name":null,"director_id":"916241723","director_synthetic_id":6954,"resignation_date":null,"director_name":"Dr Ian Christopher Gray","companies":[{"director_synthetic_id":6954,"resignation_date":null,"company_name":"PARADIGM THERAPEUTICS LIMITED","function":"Director","company_synthetic_id":1661,"company_id":"03504705","secretary":false,"appointment_date":"2011-08-15","id":7201}],"function":"Director","company_synthetic_id":3053,"secretary":false,"appointment_date":"2011-08-15","id":18640},{"director_twitter_screen_name":null,"director_id":"916241640","director_synthetic_id":3428,"resignation_date":null,"director_name":"Dr Paul Chapman","companies":[{"director_synthetic_id":3428,"resignation_date":null,"company_name":"PARADIGM THERAPEUTICS LIMITED","function":"Director","company_synthetic_id":1661,"company_id":"03504705","secretary":false,"appointment_date":"2011-08-15","id":3584}],"function":"Director","company_synthetic_id":3053,"secretary":false,"appointment_date":"2011-08-15","id":18620},{"director_twitter_screen_name":null,"director_id":"907908081","director_synthetic_id":5864,"resignation_date":null,"director_name":"Mr James Holden Sutcliffe","companies":[{"director_synthetic_id":5864,"resignation_date":null,"company_name":"PARADIGM THERAPEUTICS LIMITED","function":"Company Secretary","company_synthetic_id":1661,"company_id":"03504705","secretary":true,"appointment_date":"2004-12-24","id":7191}],"function":"Company Secretary","company_synthetic_id":3053,"secretary":true,"appointment_date":"2001-11-19","id":18617},{"director_twitter_screen_name":null,"director_id":"915091935","director_synthetic_id":3359,"resignation_date":"2011-08-15","director_name":"Mr Yuji Ishihara","companies":[{"director_synthetic_id":3359,"resignation_date":"2011-08-15","company_name":"PARADIGM THERAPEUTICS LIMITED","function":"Director","company_synthetic_id":1661,"company_id":"03504705","secretary":false,"appointment_date":"2010-03-09","id":3580}],"function":"Director","company_synthetic_id":3053,"secretary":false,"appointment_date":"2010-03-09","id":18639},{"director_twitter_screen_name":null,"director_id":"914024198","director_synthetic_id":3326,"resignation_date":"2011-08-15","director_name":"Dr Hiroyuki Odaka","companies":[{"director_synthetic_id":3326,"resignation_date":"2011-08-15","company_name":"PARADIGM THERAPEUTICS LIMITED","function":"Director","company_synthetic_id":1661,"company_id":"03504705","secretary":false,"appointment_date":"2009-08-10","id":3579}],"function":"Director","company_synthetic_id":3053,"secretary":false,"appointment_date":"2009-08-10","id":18638},{"director_twitter_screen_name":null,"director_id":"912310966","director_synthetic_id":3256,"resignation_date":"2010-03-09","director_name":"Masaomi Miyamoto","companies":[{"director_synthetic_id":3256,"resignation_date":"2010-03-09","company_name":"PARADIGM THERAPEUTICS LIMITED","function":"Director","company_synthetic_id":1661,"company_id":"03504705","secretary":false,"appointment_date":"2007-03-29","id":3578}],"function":"Director","company_synthetic_id":3053,"secretary":false,"appointment_date":"2007-03-29","id":18637},{"director_twitter_screen_name":null,"director_id":"912310953","director_synthetic_id":6594,"resignation_date":"2009-08-10","director_name":"Mr Shigenori Okawa","companies":[{"director_synthetic_id":6594,"resignation_date":"2009-08-10","company_name":"PARADIGM THERAPEUTICS LIMITED","function":"Director","company_synthetic_id":1661,"company_id":"03504705","secretary":false,"appointment_date":"2007-03-29","id":7199}],"function":"Director","company_synthetic_id":3053,"secretary":false,"appointment_date":"2007-03-29","id":18635},{"director_twitter_screen_name":null,"director_id":"912310961","director_synthetic_id":6595,"resignation_date":"2009-08-10","director_name":"Dr Kiyoshi Kitazawa","companies":[{"director_synthetic_id":6595,"resignation_date":"2009-08-10","company_name":"PARADIGM THERAPEUTICS LIMITED","function":"Director","company_synthetic_id":1661,"company_id":"03504705","secretary":false,"appointment_date":"2007-03-29","id":7200}],"function":"Director","company_synthetic_id":3053,"secretary":false,"appointment_date":"2007-03-29","id":18636},{"director_twitter_screen_name":null,"director_id":"905638287","director_synthetic_id":2991,"resignation_date":"2007-03-29","director_name":"Dr Mark Beresford Lewis Carlton","companies":[{"director_synthetic_id":2991,"resignation_date":"2007-03-29","company_name":"PARADIGM THERAPEUTICS LIMITED","function":"Director","company_synthetic_id":1661,"company_id":"03504705","secretary":false,"appointment_date":"2009-08-10","id":3583}],"function":"Director","company_synthetic_id":3053,"secretary":false,"appointment_date":"2009-08-10","id":18615},{"director_twitter_screen_name":null,"director_id":"911350651","director_synthetic_id":9892,"resignation_date":"2007-03-29","director_name":"Dr Jui Lim","companies":[],"function":"Director","company_synthetic_id":3053,"secretary":false,"appointment_date":"2006-03-27","id":18634},{"director_twitter_screen_name":null,"director_id":"910343702","director_synthetic_id":9654,"resignation_date":"2007-03-29","director_name":"Dr Rony Douek","companies":[],"function":"Director","company_synthetic_id":3053,"secretary":false,"appointment_date":"2006-03-27","id":18633},{"director_twitter_screen_name":null,"director_id":"910553726","director_synthetic_id":6357,"resignation_date":"2007-03-29","director_name":"Dr Alastair James Riddell","companies":[{"director_synthetic_id":6357,"resignation_date":"2007-03-29","company_name":"PARADIGM THERAPEUTICS LIMITED","function":"Director","company_synthetic_id":1661,"company_id":"03504705","secretary":false,"appointment_date":"2006-03-01","id":7198},{"director_synthetic_id":6357,"resignation_date":"2005-02-21","company_name":"ASTERAND UK LIMITED","function":"Director","company_synthetic_id":2969,"company_id":"03113041","secretary":false,"appointment_date":"1998-04-29","id":18117},{"director_synthetic_id":6357,"resignation_date":"2005-02-21","company_name":"ASTERAND PLC","function":"Director","company_synthetic_id":3015,"company_id":"03355618","secretary":false,"appointment_date":"1998-01-05","id":21612}],"function":"Director","company_synthetic_id":3053,"secretary":false,"appointment_date":"2005-05-18","id":18619},{"director_twitter_screen_name":null,"director_id":"909232531","director_synthetic_id":9393,"resignation_date":"2007-03-29","director_name":"Dr Barry Aidan Kenny","companies":[],"function":"Director","company_synthetic_id":3053,"secretary":false,"appointment_date":"2003-09-01","id":18632},{"director_twitter_screen_name":null,"director_id":"908480374","director_synthetic_id":6007,"resignation_date":"2007-03-29","director_name":"Dr Alan James Munro","companies":[{"director_synthetic_id":6007,"resignation_date":"2002-12-17","company_name":"THE BABRAHAM INSTITUTE","function":"Director","company_synthetic_id":1818,"company_id":"03011737","secretary":false,"appointment_date":"1995-04-01","id":8280}],"function":"Director","company_synthetic_id":3053,"secretary":false,"appointment_date":"2002-11-29","id":18629},{"director_twitter_screen_name":null,"director_id":"901257545","director_synthetic_id":4956,"resignation_date":"2006-09-22","director_name":"Mr Alan Gilbert Goodman","companies":[{"director_synthetic_id":4956,"resignation_date":null,"company_name":"CRESCENDO BIOLOGICS LIMITED","function":"Director","company_synthetic_id":2055,"company_id":"06425006","secretary":false,"appointment_date":"2008-06-05","id":5975},{"director_synthetic_id":4956,"resignation_date":null,"company_name":"AVLAR BIOVENTURES LIMITED","function":"Company Secretary","company_synthetic_id":2202,"company_id":"03538767","secretary":true,"appointment_date":"2007-01-18","id":6553},{"director_synthetic_id":4956,"resignation_date":null,"company_name":"AMURA HOLDINGS LIMITED","function":"Director","company_synthetic_id":3731,"company_id":"05471986","secretary":false,"appointment_date":"2005-11-11","id":23296},{"director_synthetic_id":4956,"resignation_date":null,"company_name":"AVLAR BIOVENTURES LIMITED","function":"Director","company_synthetic_id":2202,"company_id":"03538767","secretary":false,"appointment_date":"1998-06-03","id":6552},{"director_synthetic_id":4956,"resignation_date":"2009-10-06","company_name":"ALIZYME THERAPEUTICS LIMITED","function":"Director","company_synthetic_id":2926,"company_id":"02762675","secretary":false,"appointment_date":"2009-04-23","id":19010},{"director_synthetic_id":4956,"resignation_date":"2009-10-06","company_name":"ALIZYME PLC","function":"Director","company_synthetic_id":2979,"company_id":"03163027","secretary":false,"appointment_date":"2009-04-23","id":21876},{"director_synthetic_id":4956,"resignation_date":"2008-06-23","company_name":"PAION UK LIMITED","function":"Director","company_synthetic_id":3684,"company_id":"03078401","secretary":false,"appointment_date":"1998-06-03","id":23330},{"director_synthetic_id":4956,"resignation_date":"2005-11-24","company_name":"IMMUNOBIOLOGY LIMITED","function":"Director","company_synthetic_id":3693,"company_id":"03777578","secretary":false,"appointment_date":"2004-02-06","id":22977},{"director_synthetic_id":4956,"resignation_date":"2004-12-24","company_name":"PARADIGM THERAPEUTICS LIMITED","function":"Director","company_synthetic_id":1661,"company_id":"03504705","secretary":false,"appointment_date":"2001-05-31","id":7187},{"director_synthetic_id":4956,"resignation_date":"1989-12-22","company_name":"CAMBRIDGE LIFE SCIENCES LIMITED","function":"Director","company_synthetic_id":2802,"company_id":"01568565","secretary":false,"appointment_date":"1989-12-22","id":18355}],"function":"Director","company_synthetic_id":3053,"secretary":false,"appointment_date":"2000-12-11","id":18612},{"director_twitter_screen_name":null,"director_id":"907874809","director_synthetic_id":3104,"resignation_date":"2006-03-01","director_name":"Dr Edwin Moses","companies":[{"director_synthetic_id":3104,"resignation_date":"2006-03-01","company_name":"PARADIGM THERAPEUTICS LIMITED","function":"Director","company_synthetic_id":1661,"company_id":"03504705","secretary":false,"appointment_date":"2001-10-16","id":3577}],"function":"Director","company_synthetic_id":3053,"secretary":false,"appointment_date":"2003-09-29","id":18627},{"director_twitter_screen_name":null,"director_id":"908077379","director_synthetic_id":5913,"resignation_date":"2005-11-30","director_name":"Dr John Gary Montana","companies":[{"director_synthetic_id":5913,"resignation_date":"2005-11-30","company_name":"PARADIGM THERAPEUTICS LIMITED","function":"Director","company_synthetic_id":1661,"company_id":"03504705","secretary":false,"appointment_date":"2002-01-22","id":7192}],"function":"Director","company_synthetic_id":3053,"secretary":false,"appointment_date":"2004-12-24","id":18628},{"director_twitter_screen_name":null,"director_id":"908311391","director_synthetic_id":5973,"resignation_date":"2005-08-18","director_name":"Mr Mark Rowland Clement","companies":[{"director_synthetic_id":5973,"resignation_date":"2006-05-24","company_name":"LAB 21 LIMITED","function":"Director","company_synthetic_id":2223,"company_id":"05382262","secretary":false,"appointment_date":"2005-04-22","id":6738},{"director_synthetic_id":5973,"resignation_date":"2004-12-24","company_name":"PARADIGM THERAPEUTICS LIMITED","function":"Director","company_synthetic_id":1661,"company_id":"03504705","secretary":false,"appointment_date":"2004-01-20","id":7194}],"function":"Director","company_synthetic_id":3053,"secretary":false,"appointment_date":"2004-12-24","id":18618},{"director_twitter_screen_name":null,"director_id":"906040675","director_synthetic_id":8526,"resignation_date":"2004-12-24","director_name":"Dr Samuel Alves Jana Rodrigues Aparicio","companies":[],"function":"Director","company_synthetic_id":3053,"secretary":false,"appointment_date":"1998-06-23","id":18626},{"director_twitter_screen_name":null,"director_id":"908633362","director_synthetic_id":9296,"resignation_date":"2003-11-30","director_name":"Dr Robert Graham Hughes","companies":[],"function":"Director","company_synthetic_id":3053,"secretary":false,"appointment_date":"2002-11-29","id":18631},{"director_twitter_screen_name":null,"director_id":"905970903","director_synthetic_id":8501,"resignation_date":"2003-07-30","director_name":"Dr Richard Morley Goodfellow","companies":[],"function":"Director","company_synthetic_id":3053,"secretary":false,"appointment_date":"1998-07-01","id":18616},{"director_twitter_screen_name":null,"director_id":"904679377","director_synthetic_id":2956,"resignation_date":"2002-11-29","director_name":"Dr Daniel James William Roach","companies":[{"director_synthetic_id":2956,"resignation_date":null,"company_name":"AMURA HOLDINGS LIMITED","function":"Director","company_synthetic_id":3731,"company_id":"05471986","secretary":false,"appointment_date":"2007-02-23","id":23299},{"director_synthetic_id":2956,"resignation_date":null,"company_name":"PURELY PROTEINS LIMITED","function":"Director","company_synthetic_id":1700,"company_id":"04487230","secretary":false,"appointment_date":"2003-11-14","id":3810},{"director_synthetic_id":2956,"resignation_date":null,"company_name":"AVLAR BIOVENTURES LIMITED","function":"Director","company_synthetic_id":2202,"company_id":"03538767","secretary":false,"appointment_date":"1998-05-18","id":6557},{"director_synthetic_id":2956,"resignation_date":"2011-03-11","company_name":"CELLCENTRIC LIMITED","function":"Director","company_synthetic_id":1714,"company_id":"04948632","secretary":false,"appointment_date":"2007-03-12","id":3329},{"director_synthetic_id":2956,"resignation_date":"2005-06-09","company_name":"THE BABRAHAM INSTITUTE","function":"Director","company_synthetic_id":1818,"company_id":"03011737","secretary":false,"appointment_date":"2000-12-14","id":5643},{"director_synthetic_id":2956,"resignation_date":"2004-09-16","company_name":"ONE NUCLEUS LIMITED","function":"Director","company_synthetic_id":1876,"company_id":"03990977","secretary":false,"appointment_date":"2000-05-08","id":3963},{"director_synthetic_id":2956,"resignation_date":"2001-10-08","company_name":"PAION UK LIMITED","function":"Director","company_synthetic_id":3684,"company_id":"03078401","secretary":false,"appointment_date":"1996-02-07","id":23335}],"function":"Director","company_synthetic_id":3053,"secretary":false,"appointment_date":"2002-03-28","id":18614},{"director_twitter_screen_name":null,"director_id":"900572885","director_synthetic_id":7239,"resignation_date":"2002-11-29","director_name":"Mr Charles Fahie Mckay Cox","companies":[],"function":"Director","company_synthetic_id":3053,"secretary":false,"appointment_date":"1998-07-01","id":18622},{"director_twitter_screen_name":null,"director_id":"908622518","director_synthetic_id":9291,"resignation_date":"2002-03-28","director_name":"Mr David Anthony Gough","companies":[{"director_synthetic_id":9291,"resignation_date":null,"company_name":"FIRST INSTAR LTD","function":"Director","company_synthetic_id":3687,"company_id":"03339445","secretary":false,"appointment_date":"1997-03-25","id":22851}],"function":"Director","company_synthetic_id":3053,"secretary":false,"appointment_date":"2000-12-11","id":18630},{"director_twitter_screen_name":null,"director_id":"900572885","director_synthetic_id":7239,"resignation_date":"2001-11-19","director_name":"Mr Charles Fahie Mckay Cox","companies":[],"function":"Company Secretary","company_synthetic_id":3053,"secretary":true,"appointment_date":"1998-07-01","id":18621},{"director_twitter_screen_name":null,"director_id":"905641617","director_synthetic_id":8426,"resignation_date":"2000-12-08","director_name":"Dr Andreas Peter Russ","companies":[],"function":"Director","company_synthetic_id":3053,"secretary":false,"appointment_date":"1998-06-23","id":18625},{"director_twitter_screen_name":null,"director_id":"905638287","director_synthetic_id":2991,"resignation_date":"1998-07-01","director_name":"Dr Mark Beresford Lewis Carlton","companies":[{"director_synthetic_id":2991,"resignation_date":"2007-03-29","company_name":"PARADIGM THERAPEUTICS LIMITED","function":"Director","company_synthetic_id":1661,"company_id":"03504705","secretary":false,"appointment_date":"2009-08-10","id":3583}],"function":"Company Secretary","company_synthetic_id":3053,"secretary":true,"appointment_date":"1998-06-23","id":18624},{"director_twitter_screen_name":null,"director_id":"904461611","director_synthetic_id":8141,"resignation_date":"1998-06-23","director_name":"Ms Jane Adey","companies":[],"function":"Director","company_synthetic_id":3053,"secretary":false,"appointment_date":"1998-06-23","id":18623},{"director_twitter_screen_name":null,"director_id":"904505797","director_synthetic_id":8157,"resignation_date":"1998-06-23","director_name":"MIDLANDS COMPANY SERVICES LIMITED","companies":[],"function":"Company Secretary","company_synthetic_id":3053,"secretary":true,"appointment_date":"1998-06-23","id":18613}],"employee_count":96,"edges":{"follows":[],"is_followed_by":[],"mentions":[],"is_mentioned_by":[],"shares_directors_with":[{"r":"03585995","weight":3.0,"l":"03504705","u":1,"id":655633}]},"latitude":52.2283248,"revenue_delta":-436338.0,"synthetic_id":3053,"employee_count_growth":-5,"last_revenue_est":false,"revenue_timeline":[{"accounts_date":"2006-12-31","revenue_delta":null,"revenue":1020000.0,"company_id":3053,"revenue_growth":null},{"accounts_date":"2008-03-31","revenue_delta":1.4340654E7,"revenue":1.5360654E7,"company_id":3053,"revenue_growth":1406},{"accounts_date":"2009-03-31","revenue_delta":8684468.0,"revenue":2.4045122E7,"company_id":3053,"revenue_growth":57},{"accounts_date":"2010-03-31","revenue_delta":7199164.0,"revenue":3.1244286E7,"company_id":3053,"revenue_growth":30},{"accounts_date":"2011-03-31","revenue_delta":-436338.0,"revenue":3.0807948E7,"company_id":3053,"revenue_growth":-1}],"web_url":null,"do_not_aggregate":false,"mention_timeline":[],"source_url":"http:\/\/www.duedil.com\/company\/03585995","employee_count_delta":-5,"revenue_growth":-1,"address":"418 Cambridge Science Park\nMilton Road\nCambridge\nCambs\nCB4 0PA","tweet_timeline":[],"influence":1,"employee_count_timeline":[{"accounts_date":"2006-12-31","employee_count":63,"employee_count_growth":null,"company_id":3053,"employee_count_delta":null},{"accounts_date":"2008-03-31","employee_count":56,"employee_count_growth":-0.1,"company_id":3053,"employee_count_delta":-7},{"accounts_date":"2009-03-31","employee_count":81,"employee_count_growth":0.43,"company_id":3053,"employee_count_delta":25},{"accounts_date":"2010-03-31","employee_count":101,"employee_count_growth":0.24,"company_id":3053,"employee_count_delta":20},{"accounts_date":"2011-03-31","employee_count":96,"employee_count_growth":-0.04,"company_id":3053,"employee_count_delta":-5}],"id":"03585995","formation_date":"1998-06-23","description":"Target identification and validation capabilities.","last_revenue":3.0807948E7,"founders":[],"tags":[{"company_id":3053,"type":"sector","id":72,"description":"Life Science and Healthcare","tag":"HLS"},{"company_id":3053,"type":"extension","id":75,"description":"companies selected from duedil dataset based on sic-code and revenue priority order","tag":"sic_code"},{"company_id":3053,"type":"diskcolor","id":83,"description":"green","tag":"HLS"},{"company_id":3053,"type":"view","id":15,"description":"Included in Venture Valuation","tag":"venturevaluation"},{"company_id":3053,"type":"vvsector","id":104,"description":"Pharma","tag":"pharma"}]}}